INSERT INTO k_packs (id, title, description, date) VALUES (1, 'Sky', 'A painting of a blue sky with white clouds', '2022-01-01');
INSERT INTO k_packs (id, title, description, date) VALUES (2, 'Forest', 'A photograph of a dense forest with green foliage', '2022-02-01');
INSERT INTO k_packs (id, title, description, date) VALUES (3, 'Beach', 'A video of a sunset over the ocean with waves crashing on the shore', '2022-03-01');
INSERT INTO k_packs (id, title, description, date) VALUES (4, 'City', 'A time-lapse video of a city at night with colorful lights', '2022-04-01');
INSERT INTO k_packs (id, title, description, date) VALUES (5, 'Mountain', 'A panoramic photograph of a mountain peak covered in snow', '2022-05-01');
INSERT INTO k_packs (id, title, description, date) VALUES (6, 'Raging', 'A video of a river with fast-flowing water and rocky banks', '2022-06-01');
INSERT INTO k_packs (id, title, description, date) VALUES (7, 'Golden', 'A photograph of a vast field with golden crops under a blue sky', '2022-07-01');
INSERT INTO k_packs (id, title, description, date) VALUES (8, 'Tropical', 'A video of a tropical island with palm trees and white sand beaches', '2022-08-01');
INSERT INTO k_packs (id, title, description, date) VALUES (9, 'Snowy', 'A photograph of a snowy forest with trees covered in white', '2022-09-01');
INSERT INTO k_packs (id, title, description, date) VALUES (10, 'Desert', 'A time-lapse video of a desert with a mirage in the distance', '2022-10-01');
INSERT INTO k_packs (id, title, description, date) VALUES (11, 'Leaves', 'A close-up photograph of colorful autumn leaves on a tree', '2022-11-01');
INSERT INTO k_packs (id, title, description, date) VALUES (12, 'Northern', 'A video of the Aurora Borealis in the night sky', '2022-12-01');
INSERT INTO k_packs (id, title, description, date) VALUES (13, 'View', 'A panoramic photograph of a canyon with red rock formations', '2023-01-01');
INSERT INTO k_packs (id, title, description, date) VALUES (14, 'Waterfall', 'A video of a waterfall in a lush rainforest', '2023-02-01');
INSERT INTO k_packs (id, title, description, date) VALUES (15, 'World', 'A video of colorful fish and coral reefs in the ocean', '2023-03-01');
INSERT INTO k_packs (id, title, description, date) VALUES (16, 'Adventure', 'A thrilling adventure awaits you in this action-packed game', '2022-05-15');
INSERT INTO k_packs (id, title, description, date) VALUES (17, 'Treasures', 'Explore the mysteries of the ancient world and discover hidden treasures', '2022-02-23');
INSERT INTO k_packs (id, title, description, date) VALUES (18, 'Odyssey', 'Embark on a journey through the cosmos in this epic space adventure', '2022-01-07');
INSERT INTO k_packs (id, title, description, date) VALUES (19, 'Quest', 'Enter a world of magic and myth in this fantastical adventure', '2022-03-11');
INSERT INTO k_packs (id, title, description, date) VALUES (20, 'Pirate', 'Join a band of swashbuckling pirates on a quest for treasure and glory', '2022-04-02');
INSERT INTO k_packs (id, title, description, date) VALUES (21, 'Explorer', 'Venture deep into the heart of the jungle in search of rare and exotic creatures', '2022-06-09');
INSERT INTO k_packs (id, title, description, date) VALUES (22, 'Quest', 'Fight for honor and glory in a world of castles and knights', '2022-03-27');
INSERT INTO k_packs (id, title, description, date) VALUES (23, 'Mansion', 'Explore a mysterious mansion filled with ghosts and other supernatural entities', '2022-07-14');
INSERT INTO k_packs (id, title, description, date) VALUES (24, 'West', 'Experience the excitement and danger of the American frontier in this Western-themed game', '2022-05-31');
INSERT INTO k_packs (id, title, description, date) VALUES (25, 'Odyssey', 'Dive into the depths of the ocean and discover a world of wonder and danger', '2022-02-18');
INSERT INTO k_packs (id, title, description, date) VALUES (26, 'Apocalypse', 'Survive a world overrun by the undead in this post-apocalyptic adventure', '2022-01-22');
INSERT INTO k_packs (id, title, description, date) VALUES (27, 'Pirates', 'Join a crew of space-faring pirates as they plunder the galaxy for riches', '2022-04-08');
INSERT INTO k_packs (id, title, description, date) VALUES (28, 'City', 'Navigate a neon-lit metropolis filled with cybernetic enhancements and corporate intrigue', '2022-06-19');
INSERT INTO k_packs (id, title, description, date) VALUES (29, 'Mansion', 'Solve the puzzles and unravel the secrets of a haunted mansion', '2022-03-02');
INSERT INTO k_packs (id, title, description, date) VALUES (30, 'Adventure', 'Travel back in time to the age of the dinosaurs and explore their world', '2022-07-08');

INSERT INTO k_pack_sets (id, title) VALUES (1, 'first set');
INSERT INTO k_pack_sets (id, title) VALUES (2, 'second set');
INSERT INTO k_pack_sets (id, title) VALUES (3, 'third set');
INSERT INTO k_pack_sets (id, title) VALUES (4, 'fourth set');
INSERT INTO k_pack_sets (id, title) VALUES (5, 'fifth set');
INSERT INTO k_pack_sets (id, title) VALUES (6, 'sixth set');
INSERT INTO k_pack_sets (id, title) VALUES (7, 'seventh set');
INSERT INTO k_pack_sets (id, title) VALUES (8, 'eighth set');
INSERT INTO k_pack_sets (id, title) VALUES (9, 'ninth set');
INSERT INTO k_pack_sets (id, title) VALUES (10, 'tenth set');

INSERT INTO k_packs_k_pack_sets (k_pack_set_id, k_pack_id) values (1, 1);
INSERT INTO k_packs_k_pack_sets (k_pack_set_id, k_pack_id) values (1, 2);
INSERT INTO k_packs_k_pack_sets (k_pack_set_id, k_pack_id) values (1, 3);
INSERT INTO k_packs_k_pack_sets (k_pack_set_id, k_pack_id) values (2, 4);
INSERT INTO k_packs_k_pack_sets (k_pack_set_id, k_pack_id) values (2, 5);
INSERT INTO k_packs_k_pack_sets (k_pack_set_id, k_pack_id) values (2, 6);
INSERT INTO k_packs_k_pack_sets (k_pack_set_id, k_pack_id) values (3, 7);
INSERT INTO k_packs_k_pack_sets (k_pack_set_id, k_pack_id) values (3, 8);
INSERT INTO k_packs_k_pack_sets (k_pack_set_id, k_pack_id) values (3, 9);
INSERT INTO k_packs_k_pack_sets (k_pack_set_id, k_pack_id) values (4, 10);
INSERT INTO k_packs_k_pack_sets (k_pack_set_id, k_pack_id) values (4, 11);
INSERT INTO k_packs_k_pack_sets (k_pack_set_id, k_pack_id) values (4, 12);
INSERT INTO k_packs_k_pack_sets (k_pack_set_id, k_pack_id) values (5, 12);
INSERT INTO k_packs_k_pack_sets (k_pack_set_id, k_pack_id) values (5, 14);
INSERT INTO k_packs_k_pack_sets (k_pack_set_id, k_pack_id) values (5, 15);
INSERT INTO k_packs_k_pack_sets (k_pack_set_id, k_pack_id) values (6, 16);
INSERT INTO k_packs_k_pack_sets (k_pack_set_id, k_pack_id) values (6, 17);
INSERT INTO k_packs_k_pack_sets (k_pack_set_id, k_pack_id) values (6, 18);
INSERT INTO k_packs_k_pack_sets (k_pack_set_id, k_pack_id) values (7, 19);
INSERT INTO k_packs_k_pack_sets (k_pack_set_id, k_pack_id) values (7, 20);
INSERT INTO k_packs_k_pack_sets (k_pack_set_id, k_pack_id) values (7, 21);
INSERT INTO k_packs_k_pack_sets (k_pack_set_id, k_pack_id) values (8, 22);
INSERT INTO k_packs_k_pack_sets (k_pack_set_id, k_pack_id) values (8, 23);
INSERT INTO k_packs_k_pack_sets (k_pack_set_id, k_pack_id) values (8, 24);
INSERT INTO k_packs_k_pack_sets (k_pack_set_id, k_pack_id) values (9, 25);
INSERT INTO k_packs_k_pack_sets (k_pack_set_id, k_pack_id) values (9, 26);
INSERT INTO k_packs_k_pack_sets (k_pack_set_id, k_pack_id) values (9, 27);
INSERT INTO k_packs_k_pack_sets (k_pack_set_id, k_pack_id) values (10, 28);
INSERT INTO k_packs_k_pack_sets (k_pack_set_id, k_pack_id) values (10, 29);
INSERT INTO k_packs_k_pack_sets (k_pack_set_id, k_pack_id) values (10, 30);
